{"date_mise_a_jour": "27/11/2025", "picks": {"CAT": 0.641564733850613, "LLY": 0.533956478837071, "GM": 0.507116174899253, "MRK": 0.3968779503614561, "JNJ": 0.3700418184162182}}